<?xml version="1.0" encoding="UTF-8"?>


<beans xmlns="http://www.springframework.org/schema/beans"
	xmlns:xsi="http://www.w3.org/2001/XMLSchema-instance"
	xmlns:context="http://www.springframework.org/schema/context"
	xsi:schemaLocation="http://www.springframework.org/schema/beans http://www.springframework.org/schema/beans/spring-beans.xsd
		http://www.springframework.org/schema/context http://www.springframework.org/schema/context/spring-context-4.3.xsd">
       <!--  
        <context:annotation-config></context:annotation-config>
        
        <bean id="emp" class="com.cg.spring.core.Employee"  init-method="init"  destroy-method="destroyBean">
        <constructor-arg name="id" value="345"></constructor-arg>  
        <constructor-arg name="name" value="ifath"/>
        <constructor-arg name="salary" value="10000" type="double"/>
        
     
        </bean>
           -->
        
        <bean id="manager" class="com.cg.spring.core.Manager">
        
        <property name="deptno" value="1011"></property>
        <property name="projectname" value="HSBC"></property>
        <property name="projectcode" value="abc1"></property>
        
        </bean>
        
        
        <!-- this below is for customer and address bean class  for has-a r/s.  accessing on bean from another bean -->
        
        
        
        <bean id="c" class="com.cg.core.spring.beans.Customer" autowire="constructor">
        <constructor-arg name="firstname" value="ifath"></constructor-arg>
         <constructor-arg name="lastname" value="sadiq"></constructor-arg>
         
         <!--for auto wire we dont need the below  
         
        <property name="firstname" value="Ifath"></property> 
        <property name="lastname" value="sadiq"></property> 
        -->
        <!-- use the address bean here in customer  called inner bean
         <property name="addr" ref="a"></property> 
         --> 
        
        </bean>
        
        
        
        
        <bean id="addr" class="com.cg.core.spring.beans.Address">
       <constructor-arg name="city" value="huy"></constructor-arg>
         <constructor-arg name="state" value="telangana"></constructor-arg>
       
       <!--  for autowire=constructor we dont need the below
        <property name="city" value="hyderabad"></property>  
        
        <property name="state" value="telangana"></property>
         -->
        </bean>
        
        
       
        
        
        
</beans>