<?xml version="1.0" encoding="UTF-8"?>


<beans xmlns="http://www.springframework.org/schema/beans"
	xmlns:xsi="http://www.w3.org/2001/XMLSchema-instance" xmlns:context="http://www.springframework.org/schema/context"
	xsi:schemaLocation="http://www.springframework.org/schema/beans http://www.springframework.org/schema/beans/spring-beans.xsd
		http://www.springframework.org/schema/context http://www.springframework.org/schema/context/spring-context-4.3.xsd">


	<!-- for mapping collections to bean -->

	<bean id="c" class="com.cg.core.spring.beans.Customer">

		 <property name="firstname" value="ifath"></property>
		  <property name="lastname" value="sadiq"></property>
		  <property name="addr" ref="addr"></property> 
		 
			<property name="list">
			
			<list>
			<ref bean="addr"/>
			<ref bean="addr2"/>
			</list>
			
			</property>


<!--  assign values to set collection in customer bean class -->
<property name="s1">

<list>

<value>hello</value>

</list>


</property>



<!--  assign values for map collection -->
	<property name="m1">

<map>

<entry key="1" value-ref="addr"/>


</map>


</property>
	

	</bean>




	<bean id="addr" class="com.cg.core.spring.beans.Address">
		<constructor-arg name="city" value="huy"></constructor-arg>
		<constructor-arg name="state" value="telangana"></constructor-arg>
		

	</bean>


	<bean id="addr2" class="com.cg.core.spring.beans.Address">
		<constructor-arg name="city" value="mohi"></constructor-arg>
		<constructor-arg name="state" value="m.p"></constructor-arg>
		

	</bean>

	






</beans>
		
		